-- --------------------------------------------------------
-- Хост:                         127.0.0.1
-- Версия сервера:               8.0.30 - MySQL Community Server - GPL
-- Операционная система:         Win64
-- HeidiSQL Версия:              12.1.0.6537
-- --------------------------------------------------------

/*!40101 SET @OLD_CHARACTER_SET_CLIENT=@@CHARACTER_SET_CLIENT */;
/*!40101 SET NAMES utf8 */;
/*!50503 SET NAMES utf8mb4 */;
/*!40103 SET @OLD_TIME_ZONE=@@TIME_ZONE */;
/*!40103 SET TIME_ZONE='+00:00' */;
/*!40014 SET @OLD_FOREIGN_KEY_CHECKS=@@FOREIGN_KEY_CHECKS, FOREIGN_KEY_CHECKS=0 */;
/*!40101 SET @OLD_SQL_MODE=@@SQL_MODE, SQL_MODE='NO_AUTO_VALUE_ON_ZERO' */;
/*!40111 SET @OLD_SQL_NOTES=@@SQL_NOTES, SQL_NOTES=0 */;


-- Дамп структуры для таблица db_site_velik.auth_group
CREATE TABLE IF NOT EXISTS `auth_group` (
  `id` int NOT NULL AUTO_INCREMENT,
  `name` varchar(150) NOT NULL,
  PRIMARY KEY (`id`),
  UNIQUE KEY `name` (`name`)
) ENGINE=InnoDB DEFAULT CHARSET=utf8mb4 COLLATE=utf8mb4_0900_ai_ci;

-- Дамп данных таблицы db_site_velik.auth_group: ~0 rows (приблизительно)

-- Дамп структуры для таблица db_site_velik.auth_group_permissions
CREATE TABLE IF NOT EXISTS `auth_group_permissions` (
  `id` bigint NOT NULL AUTO_INCREMENT,
  `group_id` int NOT NULL,
  `permission_id` int NOT NULL,
  PRIMARY KEY (`id`),
  UNIQUE KEY `auth_group_permissions_group_id_permission_id_0cd325b0_uniq` (`group_id`,`permission_id`),
  KEY `auth_group_permissio_permission_id_84c5c92e_fk_auth_perm` (`permission_id`),
  CONSTRAINT `auth_group_permissio_permission_id_84c5c92e_fk_auth_perm` FOREIGN KEY (`permission_id`) REFERENCES `auth_permission` (`id`),
  CONSTRAINT `auth_group_permissions_group_id_b120cbf9_fk_auth_group_id` FOREIGN KEY (`group_id`) REFERENCES `auth_group` (`id`)
) ENGINE=InnoDB DEFAULT CHARSET=utf8mb4 COLLATE=utf8mb4_0900_ai_ci;

-- Дамп данных таблицы db_site_velik.auth_group_permissions: ~0 rows (приблизительно)

-- Дамп структуры для таблица db_site_velik.auth_permission
CREATE TABLE IF NOT EXISTS `auth_permission` (
  `id` int NOT NULL AUTO_INCREMENT,
  `name` varchar(255) NOT NULL,
  `content_type_id` int NOT NULL,
  `codename` varchar(100) NOT NULL,
  PRIMARY KEY (`id`),
  UNIQUE KEY `auth_permission_content_type_id_codename_01ab375a_uniq` (`content_type_id`,`codename`),
  CONSTRAINT `auth_permission_content_type_id_2f476e4b_fk_django_co` FOREIGN KEY (`content_type_id`) REFERENCES `django_content_type` (`id`)
) ENGINE=InnoDB AUTO_INCREMENT=53 DEFAULT CHARSET=utf8mb4 COLLATE=utf8mb4_0900_ai_ci;

-- Дамп данных таблицы db_site_velik.auth_permission: ~44 rows (приблизительно)
INSERT INTO `auth_permission` (`id`, `name`, `content_type_id`, `codename`) VALUES
	(1, 'Can add log entry', 1, 'add_logentry'),
	(2, 'Can change log entry', 1, 'change_logentry'),
	(3, 'Can delete log entry', 1, 'delete_logentry'),
	(4, 'Can view log entry', 1, 'view_logentry'),
	(5, 'Can add permission', 2, 'add_permission'),
	(6, 'Can change permission', 2, 'change_permission'),
	(7, 'Can delete permission', 2, 'delete_permission'),
	(8, 'Can view permission', 2, 'view_permission'),
	(9, 'Can add group', 3, 'add_group'),
	(10, 'Can change group', 3, 'change_group'),
	(11, 'Can delete group', 3, 'delete_group'),
	(12, 'Can view group', 3, 'view_group'),
	(13, 'Can add content type', 4, 'add_contenttype'),
	(14, 'Can change content type', 4, 'change_contenttype'),
	(15, 'Can delete content type', 4, 'delete_contenttype'),
	(16, 'Can view content type', 4, 'view_contenttype'),
	(17, 'Can add session', 5, 'add_session'),
	(18, 'Can change session', 5, 'change_session'),
	(19, 'Can delete session', 5, 'delete_session'),
	(20, 'Can view session', 5, 'view_session'),
	(21, 'Can add bike characteristic', 6, 'add_bikecharacteristic'),
	(22, 'Can change bike characteristic', 6, 'change_bikecharacteristic'),
	(23, 'Can delete bike characteristic', 6, 'delete_bikecharacteristic'),
	(24, 'Can view bike characteristic', 6, 'view_bikecharacteristic'),
	(25, 'Can add bike mark', 7, 'add_bikemark'),
	(26, 'Can change bike mark', 7, 'change_bikemark'),
	(27, 'Can delete bike mark', 7, 'delete_bikemark'),
	(28, 'Can view bike mark', 7, 'view_bikemark'),
	(29, 'Can add bike model', 8, 'add_bikemodel'),
	(30, 'Can change bike model', 8, 'change_bikemodel'),
	(31, 'Can delete bike model', 8, 'delete_bikemodel'),
	(32, 'Can view bike model', 8, 'view_bikemodel'),
	(33, 'Can add bike modification', 9, 'add_bikemodification'),
	(34, 'Can change bike modification', 9, 'change_bikemodification'),
	(35, 'Can delete bike modification', 9, 'delete_bikemodification'),
	(36, 'Can view bike modification', 9, 'view_bikemodification'),
	(37, 'Can add bike characteristic value', 10, 'add_bikecharacteristicvalue'),
	(38, 'Can change bike characteristic value', 10, 'change_bikecharacteristicvalue'),
	(39, 'Can delete bike characteristic value', 10, 'delete_bikecharacteristicvalue'),
	(40, 'Can view bike characteristic value', 10, 'view_bikecharacteristicvalue'),
	(41, 'Can add user', 11, 'add_user'),
	(42, 'Can change user', 11, 'change_user'),
	(43, 'Can delete user', 11, 'delete_user'),
	(44, 'Can view user', 11, 'view_user'),
	(45, 'Can add bike favourites', 12, 'add_bikefavourites'),
	(46, 'Can change bike favourites', 12, 'change_bikefavourites'),
	(47, 'Can delete bike favourites', 12, 'delete_bikefavourites'),
	(48, 'Can view bike favourites', 12, 'view_bikefavourites'),
	(49, 'Can add bike stars', 13, 'add_bikestars'),
	(50, 'Can change bike stars', 13, 'change_bikestars'),
	(51, 'Can delete bike stars', 13, 'delete_bikestars'),
	(52, 'Can view bike stars', 13, 'view_bikestars');

-- Дамп структуры для таблица db_site_velik.catalog_bikecharacteristic
CREATE TABLE IF NOT EXISTS `catalog_bikecharacteristic` (
  `id` bigint NOT NULL AUTO_INCREMENT,
  `name` varchar(255) NOT NULL,
  `id_parent` int DEFAULT NULL,
  PRIMARY KEY (`id`)
) ENGINE=InnoDB AUTO_INCREMENT=1520 DEFAULT CHARSET=utf8mb4 COLLATE=utf8mb4_0900_ai_ci;

-- Дамп данных таблицы db_site_velik.catalog_bikecharacteristic: ~42 rows (приблизительно)
INSERT INTO `catalog_bikecharacteristic` (`id`, `name`, `id_parent`) VALUES
	(1478, 'ОСНОВНЫЕ ХАРАКТЕРИСТИКИ', NULL),
	(1479, 'Вес', 1478),
	(1480, 'ТРАНСМИССИЯ', NULL),
	(1481, 'Конструкция каретки', 1480),
	(1482, 'Уровень переднего переключателя', 1480),
	(1483, 'Уровень заднего переключателя', 1480),
	(1484, 'Уровень каретки', 1480),
	(1485, 'Длина шатунов', 1480),
	(1486, 'Уровень кассеты', 1480),
	(1487, 'Тип посадочной части вала каретки', 1480),
	(1488, 'Конструкция манеток', 1480),
	(1489, 'Уровень манеток', 1480),
	(1490, 'Количество скоростей', 1480),
	(1491, 'ТОРМОЗНАЯ СИСТЕМА', NULL),
	(1492, 'Тип переднего тормоза', 1491),
	(1493, 'Уровень переднего тормоза', 1491),
	(1494, 'Тип заднего тормоза', 1491),
	(1495, 'Уровень заднего тормоза', 1491),
	(1496, 'РУЛЕВОЕ УПРАВЛЕНИЕ', NULL),
	(1497, 'Конструкция руля', 1496),
	(1498, 'КОЛЕСА', NULL),
	(1499, 'Диаметр колес', 1498),
	(1500, 'Материал обода', 1498),
	(1501, 'Двойной обод', 1498),
	(1502, 'Материал бортировочного шнура', 1498),
	(1503, 'РАМА, ВИЛКА', NULL),
	(1504, 'Материал рамы', 1503),
	(1505, 'Амортизация', 1503),
	(1506, 'Конструкция вилки', 1503),
	(1507, 'Размер рулевой колонки', 1503),
	(1508, 'Уровень мягкой вилки', 1503),
	(1509, 'Ход вилки', 1503),
	(1510, 'КОРПУС И ПРИБОРЫ', NULL),
	(1511, 'Материал рамки седла', 1510),
	(1512, 'Материал седла', 1510),
	(1513, 'Тип', 1478),
	(1514, 'Область применения', 1478),
	(1515, 'Планетарная втулка', 1480),
	(1516, 'Ход задней подвески', 1503),
	(1517, 'Возможность крепления боковых колес', 1498),
	(1518, 'Складной', 1478),
	(1519, 'Размеры рамы', 1503);

-- Дамп структуры для таблица db_site_velik.catalog_bikecharacteristicvalue
CREATE TABLE IF NOT EXISTS `catalog_bikecharacteristicvalue` (
  `id` bigint NOT NULL AUTO_INCREMENT,
  `value` varchar(255) NOT NULL,
  `bike_characteristic_id` bigint NOT NULL,
  `bike_modification_id` bigint NOT NULL,
  PRIMARY KEY (`id`),
  KEY `catalog_bikecharacte_bike_characteristic__dc654557_fk_catalog_b` (`bike_characteristic_id`),
  KEY `catalog_bikecharacte_bike_modification_id_fdbcfe6f_fk_catalog_b` (`bike_modification_id`),
  CONSTRAINT `catalog_bikecharacte_bike_characteristic__dc654557_fk_catalog_b` FOREIGN KEY (`bike_characteristic_id`) REFERENCES `catalog_bikecharacteristic` (`id`),
  CONSTRAINT `catalog_bikecharacte_bike_modification_id_fdbcfe6f_fk_catalog_b` FOREIGN KEY (`bike_modification_id`) REFERENCES `catalog_bikemodification` (`id`)
) ENGINE=InnoDB AUTO_INCREMENT=23249262 DEFAULT CHARSET=utf8mb4 COLLATE=utf8mb4_0900_ai_ci;

-- Дамп данных таблицы db_site_velik.catalog_bikecharacteristicvalue: ~1 077 rows (приблизительно)
INSERT INTO `catalog_bikecharacteristicvalue` (`id`, `value`, `bike_characteristic_id`, `bike_modification_id`) VALUES
	(23160505, 'неинтегрированная', 1481, 103928),
	(23160506, 'начальный', 1482, 103928),
	(23160507, 'начальный', 1483, 103928),
	(23160508, 'прогулочный', 1484, 103928),
	(23160509, 'начальный', 1486, 103928),
	(23160510, 'квадрат', 1487, 103928),
	(23160511, 'триггерные двухрычажные', 1488, 103928),
	(23160512, 'начальный', 1489, 103928),
	(23160513, '21', 1490, 103928),
	(23160514, 'ободной (V-Brake)', 1492, 103928),
	(23160515, 'прогулочный', 1493, 103928),
	(23160516, 'ободной (V-Brake)', 1494, 103928),
	(23160517, 'прогулочный', 1495, 103928),
	(23160518, 'с подъемом', 1497, 103928),
	(23160519, 'сталь', 1511, 103928),
	(23160520, 'алюминиевый сплав', 1500, 103928),
	(23160521, 'есть', 1501, 103928),
	(23160522, 'металл', 1502, 103928),
	(23160523, '26 дюймов', 1499, 103928),
	(23160524, 'прогулочный', 1508, 103928),
	(23160525, '75 мм', 1509, 103928),
	(23160526, 'алюминиевый сплав', 1504, 103928),
	(23160527, 'Hard tail (с амортизационной вилкой)', 1505, 103928),
	(23160528, 'пружинно-эластомерная', 1506, 103928),
	(23160529, '1 1/8"', 1507, 103928),
	(23165890, 'неинтегрированная', 1481, 103931),
	(23165891, 'прогулочный', 1482, 103931),
	(23165892, 'любительский', 1483, 103931),
	(23165893, 'прогулочный', 1484, 103931),
	(23165894, 'любительский', 1486, 103931),
	(23165895, 'квадрат', 1487, 103931),
	(23165896, 'триггерные двухрычажные', 1488, 103931),
	(23165897, 'прогулочный', 1489, 103931),
	(23165898, '27', 1490, 103931),
	(23165899, 'прогулочный', 1493, 103931),
	(23165900, 'ободной (V-Brake)', 1492, 103931),
	(23165901, 'прогулочный', 1495, 103931),
	(23165902, 'ободной (V-Brake)', 1494, 103931),
	(23165903, 'с подъемом', 1497, 103931),
	(23165904, 'сталь', 1511, 103931),
	(23165905, 'металл', 1502, 103931),
	(23165906, 'есть', 1501, 103931),
	(23165907, 'алюминиевый сплав', 1500, 103931),
	(23165908, '26дюймов', 1499, 103931),
	(23165909, '100 мм', 1509, 103931),
	(23165910, 'любительский', 1508, 103931),
	(23165911, '1 1/8"', 1507, 103931),
	(23165912, 'пружинно-масляная', 1506, 103931),
	(23165913, 'алюминиевый сплав', 1504, 103931),
	(23165914, 'Hard tail (с амортизационной вилкой)', 1505, 103931),
	(23165915, 'неинтегрированная', 1481, 103937),
	(23165916, 'прогулочный', 1482, 103937),
	(23165917, 'любительский', 1483, 103937),
	(23165918, 'прогулочный', 1484, 103937),
	(23165919, '17.5 см', 1485, 103937),
	(23165920, 'любительский', 1486, 103937),
	(23165921, 'квадрат', 1487, 103937),
	(23165922, 'триггерные двухрычажные', 1488, 103937),
	(23165923, 'прогулочный', 1489, 103937),
	(23165924, '27', 1490, 103937),
	(23165925, 'дисковый (гидравлический)', 1492, 103937),
	(23165926, 'любительский', 1493, 103937),
	(23165927, 'дисковый (гидравлический)', 1494, 103937),
	(23165928, 'любительский', 1495, 103937),
	(23165929, 'с подъемом', 1497, 103937),
	(23165930, 'хроммолибденовый сплав', 1511, 103937),
	(23165931, '26 дюймов', 1499, 103937),
	(23165932, 'алюминиевый сплав', 1500, 103937),
	(23165933, 'есть', 1501, 103937),
	(23165934, 'металл', 1502, 103937),
	(23165935, 'алюминиевый сплав', 1504, 103937),
	(23165936, 'Hard tail (с амортизационной вилкой)', 1505, 103937),
	(23165937, 'пружинно-масляная', 1506, 103937),
	(23165938, '1 1/8"', 1507, 103937),
	(23165939, 'любительский', 1508, 103937),
	(23165940, '100 мм', 1509, 103937),
	(23165941, 'неинтегрированная', 1481, 103940),
	(23165942, 'прогулочный', 1482, 103940),
	(23165943, 'любительский', 1483, 103940),
	(23165944, 'прогулочный', 1486, 103940),
	(23165945, 'триггерные двухрычажные', 1488, 103940),
	(23165946, 'прогулочный', 1489, 103940),
	(23165947, '24', 1490, 103940),
	(23165948, 'ободной (V-Brake)', 1492, 103940),
	(23165949, 'прогулочный', 1493, 103940),
	(23165950, 'ободной (V-Brake)', 1494, 103940),
	(23165951, 'прогулочный', 1495, 103940),
	(23165952, 'с подъемом', 1497, 103940),
	(23165953, '26 дюймов', 1499, 103940),
	(23165954, 'алюминиевый сплав', 1500, 103940),
	(23165955, 'есть', 1501, 103940),
	(23165956, 'металл', 1502, 103940),
	(23165957, 'Hard tail (с амортизационной вилкой)', 1505, 103940),
	(23165958, 'пружинно-эластомерная', 1506, 103940),
	(23165959, '1 1/8"', 1507, 103940),
	(23165960, 'прогулочный', 1508, 103940),
	(23165961, '100 мм', 1509, 103940),
	(23165962, 'алюминиевый сплав', 1504, 103940),
	(23165963, 'неинтегрированная', 1481, 103943),
	(23165964, 'прогулочный', 1482, 103943),
	(23165965, 'прогулочный', 1483, 103943),
	(23165966, 'прогулочный', 1484, 103943),
	(23165967, 'прогулочный', 1486, 103943),
	(23165968, 'квадрат', 1487, 103943),
	(23165969, 'триггерные двухрычажные', 1488, 103943),
	(23165970, 'прогулочный', 1489, 103943),
	(23165971, '24', 1490, 103943),
	(23165972, 'прогулочный', 1495, 103943),
	(23165973, 'дисковый (механический)', 1492, 103943),
	(23165974, 'прогулочный', 1493, 103943),
	(23165975, 'дисковый (механический)', 1494, 103943),
	(23165976, 'с подъемом', 1497, 103943),
	(23165977, 'сталь', 1511, 103943),
	(23165978, '26 дюймов', 1499, 103943),
	(23165979, 'алюминиевый сплав', 1500, 103943),
	(23165980, 'есть', 1501, 103943),
	(23165981, 'металл', 1502, 103943),
	(23165982, 'алюминиевый сплав', 1504, 103943),
	(23165983, 'Hard tail (с амортизационной вилкой)', 1505, 103943),
	(23165984, 'пружинно-масляная', 1506, 103943),
	(23165985, '1 1/8"', 1507, 103943),
	(23165986, 'любительский', 1508, 103943),
	(23165987, '100 мм', 1509, 103943),
	(23165988, 'неинтегрированная', 1481, 103946),
	(23165989, 'прогулочный', 1482, 103946),
	(23165990, 'прогулочный', 1483, 103946),
	(23165991, 'прогулочный', 1484, 103946),
	(23165992, 'прогулочный', 1486, 103946),
	(23165993, 'квадрат', 1487, 103946),
	(23165994, 'триггерные двухрычажные', 1488, 103946),
	(23165995, 'прогулочный', 1489, 103946),
	(23165996, '24', 1490, 103946),
	(23165997, 'ободной (V-Brake)', 1492, 103946),
	(23165998, 'прогулочный', 1493, 103946),
	(23165999, 'ободной (V-Brake)', 1494, 103946),
	(23166000, 'прогулочный', 1495, 103946),
	(23166001, 'с подъемом', 1497, 103946),
	(23166002, 'сталь', 1511, 103946),
	(23166003, '26 дюймов', 1499, 103946),
	(23166004, 'алюминиевый сплав', 1500, 103946),
	(23166005, 'есть', 1501, 103946),
	(23166006, 'металл', 1502, 103946),
	(23166007, 'алюминиевый сплав', 1504, 103946),
	(23166008, 'Hard tail (с амортизационной вилкой)', 1505, 103946),
	(23166009, 'пружинно-эластомерная', 1506, 103946),
	(23166010, '1 1/8"', 1507, 103946),
	(23166011, 'прогулочный', 1508, 103946),
	(23166012, '100 мм', 1509, 103946),
	(23166013, 'неинтегрированная', 1481, 103949),
	(23166014, 'прогулочный', 1482, 103949),
	(23166015, 'прогулочный', 1483, 103949),
	(23166016, 'прогулочный', 1484, 103949),
	(23166017, 'прогулочный', 1486, 103949),
	(23166018, 'квадрат', 1487, 103949),
	(23166019, 'триггерные двухрычажные', 1488, 103949),
	(23166020, 'прогулочный', 1489, 103949),
	(23166021, '24', 1490, 103949),
	(23166022, 'дисковый (механический)', 1492, 103949),
	(23166023, 'любительский', 1493, 103949),
	(23166024, 'дисковый (механический)', 1494, 103949),
	(23166025, 'любительский', 1495, 103949),
	(23166026, 'с подъемом', 1497, 103949),
	(23166027, 'сталь', 1511, 103949),
	(23166028, '26 дюймов', 1499, 103949),
	(23166029, 'алюминиевый сплав', 1500, 103949),
	(23166030, 'есть', 1501, 103949),
	(23166031, 'металл', 1502, 103949),
	(23166032, 'алюминиевый сплав', 1504, 103949),
	(23166033, 'Hard tail (с амортизационной вилкой)', 1505, 103949),
	(23166034, 'пружинно-эластомерная', 1506, 103949),
	(23166035, '1 1/8"', 1507, 103949),
	(23166036, 'прогулочный', 1508, 103949),
	(23166037, '100 мм', 1509, 103949),
	(23166038, 'интегрированная', 1481, 103952),
	(23166039, 'любительский', 1482, 103952),
	(23166040, 'любительский', 1483, 103952),
	(23166041, 'прогулочный', 1484, 103952),
	(23166042, 'любительский', 1486, 103952),
	(23166043, 'триггерные двухрычажные', 1488, 103952),
	(23166044, 'любительский', 1489, 103952),
	(23166045, '27', 1490, 103952),
	(23166046, 'дисковый (гидравлический)', 1492, 103952),
	(23166047, 'любительский', 1493, 103952),
	(23166048, 'дисковый (гидравлический)', 1494, 103952),
	(23166049, 'любительский', 1495, 103952),
	(23166050, 'с подъемом', 1497, 103952),
	(23166051, 'хроммолибденовый сплав', 1511, 103952),
	(23166052, 'кожа + кевлар', 1512, 103952),
	(23166053, '26 дюймов', 1499, 103952),
	(23166054, 'алюминиевый сплав', 1500, 103952),
	(23166055, 'есть', 1501, 103952),
	(23166056, 'кевлар', 1502, 103952),
	(23166057, 'Hard tail (с амортизационной вилкой)', 1505, 103952),
	(23166058, 'воздушно-масляная', 1506, 103952),
	(23166059, '1 1/8"', 1507, 103952),
	(23166060, 'любительский', 1508, 103952),
	(23166061, '130 мм', 1509, 103952),
	(23166062, 'алюминиевый сплав', 1504, 103952),
	(23170889, 'неинтегрированная', 1481, 103955),
	(23170890, 'прогулочный', 1484, 103955),
	(23170891, '17.5 см', 1485, 103955),
	(23170892, 'квадрат', 1487, 103955),
	(23170893, '1', 1490, 103955),
	(23170894, 'отсутствует', 1492, 103955),
	(23170895, 'ободной (клещевой)', 1494, 103955),
	(23170896, 'прогулочный', 1495, 103955),
	(23170897, 'с подъемом', 1497, 103955),
	(23170898, 'сталь', 1511, 103955),
	(23170899, '20 дюймов', 1499, 103955),
	(23170900, 'алюминиевый сплав', 1500, 103955),
	(23170901, 'есть', 1501, 103955),
	(23170902, 'металл', 1502, 103955),
	(23170903, '1 1/8"', 1507, 103955),
	(23170904, 'хроммолибденовый сплав', 1504, 103955),
	(23170905, 'отсутствует', 1505, 103955),
	(23170906, 'жесткая', 1506, 103955),
	(23172289, 'неинтегрированная', 1481, 103958),
	(23172290, 'прогулочный', 1482, 103958),
	(23172291, 'прогулочный', 1483, 103958),
	(23172292, 'любительский', 1484, 103958),
	(23172293, '17.0 см', 1485, 103958),
	(23172294, 'любительский', 1486, 103958),
	(23172295, 'Howitzer', 1487, 103958),
	(23172296, 'триггерные двухрычажные', 1488, 103958),
	(23172297, 'прогулочный', 1489, 103958),
	(23172298, '18', 1490, 103958),
	(23172299, 'дисковый (гидравлический)', 1492, 103958),
	(23172300, 'любительский', 1493, 103958),
	(23172301, 'дисковый (гидравлический)', 1494, 103958),
	(23172302, 'любительский', 1495, 103958),
	(23172303, 'с подъемом', 1497, 103958),
	(23172304, '26 дюймов', 1499, 103958),
	(23172305, 'алюминиевый сплав', 1500, 103958),
	(23172306, 'есть', 1501, 103958),
	(23172307, 'металл', 1502, 103958),
	(23172308, 'алюминиевый сплав', 1504, 103958),
	(23172309, 'Hard tail (с амортизационной вилкой)', 1505, 103958),
	(23172310, 'пружинно-масляная', 1506, 103958),
	(23172311, '1 1/8"', 1507, 103958),
	(23172312, 'любительский', 1508, 103958),
	(23172313, '100 мм', 1509, 103958),
	(23172314, 'неинтегрированная', 1481, 103961),
	(23172315, 'прогулочный', 1482, 103961),
	(23172316, 'прогулочный', 1483, 103961),
	(23172317, 'прогулочный', 1484, 103961),
	(23172318, '17 см', 1485, 103961),
	(23172319, 'прогулочный', 1486, 103961),
	(23172320, 'Howitzer', 1487, 103961),
	(23172321, 'триггерные двухрычажные', 1488, 103961),
	(23172322, 'прогулочный', 1489, 103961),
	(23172323, '16', 1490, 103961),
	(23172324, 'дисковый (гидравлический)', 1492, 103961),
	(23172325, 'любительский', 1493, 103961),
	(23172326, 'дисковый (гидравлический)', 1494, 103961),
	(23172327, 'любительский', 1495, 103961),
	(23172328, 'с подъемом', 1497, 103961),
	(23172329, 'сталь', 1511, 103961),
	(23172330, '26 дюймов', 1499, 103961),
	(23172331, 'алюминиевый сплав', 1500, 103961),
	(23172332, 'есть', 1501, 103961),
	(23172333, 'металл', 1502, 103961),
	(23172334, 'алюминиевый сплав', 1504, 103961),
	(23172335, 'Hard tail (с амортизационной вилкой)', 1505, 103961),
	(23172336, 'пружинно-эластомерная', 1506, 103961),
	(23172337, '1 1/8"', 1507, 103961),
	(23172338, 'прогулочный', 1508, 103961),
	(23172339, '100 мм', 1509, 103961),
	(23172340, 'неинтегрированная', 1481, 103964),
	(23172341, 'начальный', 1483, 103964),
	(23172342, 'прогулочный', 1484, 103964),
	(23172343, '15.2 см', 1485, 103964),
	(23172344, 'начальный', 1486, 103964),
	(23172345, 'квадрат', 1487, 103964),
	(23172346, 'вращающаяся ручка', 1488, 103964),
	(23172347, 'прогулочный', 1489, 103964),
	(23172348, '7', 1490, 103964),
	(23172349, 'ободной (V-Brake)', 1492, 103964),
	(23172350, 'прогулочный', 1493, 103964),
	(23172351, 'ободной (V-Brake)', 1494, 103964),
	(23172352, 'прогулочный', 1495, 103964),
	(23172353, 'с подъемом', 1497, 103964),
	(23172354, 'сталь', 1511, 103964),
	(23172355, '20 дюймов', 1499, 103964),
	(23172356, 'алюминиевый сплав', 1500, 103964),
	(23172357, 'есть', 1501, 103964),
	(23172358, 'металл', 1502, 103964),
	(23172359, 'алюминиевый сплав', 1504, 103964),
	(23172360, 'Hard tail (с амортизационной вилкой)', 1505, 103964),
	(23172361, 'пружинная', 1506, 103964),
	(23172362, '1 1/8"', 1507, 103964),
	(23172363, 'начальный', 1508, 103964),
	(23172364, '50 мм', 1509, 103964),
	(23172365, 'неинтегрированная', 1481, 103967),
	(23172366, 'прогулочный', 1482, 103967),
	(23172367, 'прогулочный', 1483, 103967),
	(23172368, 'прогулочный', 1484, 103967),
	(23172369, '17.0 см', 1485, 103967),
	(23172370, 'начальный', 1486, 103967),
	(23172371, 'квадрат', 1487, 103967),
	(23172372, 'вращающаяся ручка', 1488, 103967),
	(23172373, 'прогулочный', 1489, 103967),
	(23172374, '14', 1490, 103967),
	(23172375, 'ободной (V-Brake)', 1492, 103967),
	(23172376, 'прогулочный', 1493, 103967),
	(23172377, 'ободной (V-Brake)', 1494, 103967),
	(23172378, 'прогулочный', 1495, 103967),
	(23172379, 'с подъемом', 1497, 103967),
	(23172380, 'сталь', 1511, 103967),
	(23172381, '24 дюймов', 1499, 103967),
	(23172382, 'алюминиевый сплав', 1500, 103967),
	(23172383, 'есть', 1501, 103967),
	(23172384, 'металл', 1502, 103967),
	(23172385, 'алюминиевый сплав', 1504, 103967),
	(23172386, 'Hard tail (с амортизационной вилкой)', 1505, 103967),
	(23172387, 'пружинная', 1506, 103967),
	(23172388, '1 1/8"', 1507, 103967),
	(23172389, 'начальный', 1508, 103967),
	(23172390, '50 мм', 1509, 103967),
	(23172391, 'неинтегрированная', 1481, 103970),
	(23172392, 'прогулочный', 1482, 103970),
	(23172393, 'прогулочный', 1483, 103970),
	(23172394, 'прогулочный', 1484, 103970),
	(23172395, '17 см', 1485, 103970),
	(23172396, 'прогулочный', 1486, 103970),
	(23172397, 'ISIS', 1487, 103970),
	(23172398, 'вращающаяся ручка', 1488, 103970),
	(23172399, 'прогулочный', 1489, 103970),
	(23172400, '16', 1490, 103970),
	(23172401, 'дисковый (механический)', 1492, 103970),
	(23172402, 'прогулочный', 1493, 103970),
	(23172403, 'дисковый (механический)', 1494, 103970),
	(23172404, 'прогулочный', 1495, 103970),
	(23172405, 'с подъемом', 1497, 103970),
	(23172406, 'сталь', 1511, 103970),
	(23172407, '26 дюймов', 1499, 103970),
	(23172408, 'алюминиевый сплав', 1500, 103970),
	(23172409, 'есть', 1501, 103970),
	(23172410, 'металл', 1502, 103970),
	(23172411, 'алюминиевый сплав', 1504, 103970),
	(23172412, 'Hard tail (с амортизационной вилкой)', 1505, 103970),
	(23172413, 'пружинно-эластомерная', 1506, 103970),
	(23172414, '1 1/8"', 1507, 103970),
	(23172415, 'прогулочный', 1508, 103970),
	(23172416, '100 мм', 1509, 103970),
	(23173047, 'неинтегрированная', 1481, 103973),
	(23173048, 'прогулочный', 1484, 103973),
	(23173049, '17.5 см', 1485, 103973),
	(23173050, 'квадрат', 1487, 103973),
	(23173051, '1', 1490, 103973),
	(23173052, 'ободной (клещевой)', 1492, 103973),
	(23173053, 'прогулочный', 1493, 103973),
	(23173054, 'ободной (клещевой)', 1494, 103973),
	(23173055, 'прогулочный', 1495, 103973),
	(23173056, 'с подъемом', 1497, 103973),
	(23173057, 'сталь', 1511, 103973),
	(23173058, '20 дюймов', 1499, 103973),
	(23173059, 'алюминиевый сплав', 1500, 103973),
	(23173060, 'есть', 1501, 103973),
	(23173061, 'металл', 1502, 103973),
	(23173062, 'сталь', 1504, 103973),
	(23173063, 'отсутствует', 1505, 103973),
	(23173064, 'жесткая', 1506, 103973),
	(23173065, '1 1/8"', 1507, 103973),
	(23179972, 'неинтегрированная', 1481, 103976),
	(23179973, 'прогулочный', 1484, 103976),
	(23179974, '17.5 см', 1485, 103976),
	(23179975, 'квадрат', 1487, 103976),
	(23179976, '1', 1490, 103976),
	(23179977, 'отсутствует', 1492, 103976),
	(23179978, 'ободной (клещевой)', 1494, 103976),
	(23179979, 'прогулочный', 1495, 103976),
	(23179980, 'с подъемом', 1497, 103976),
	(23179981, 'сталь', 1511, 103976),
	(23179982, '20 дюймов', 1499, 103976),
	(23179983, 'алюминиевый сплав', 1500, 103976),
	(23179984, 'есть', 1501, 103976),
	(23179985, 'металл', 1502, 103976),
	(23179986, 'хроммолибденовый сплав', 1504, 103976),
	(23179987, 'отсутствует', 1505, 103976),
	(23179988, 'жесткая', 1506, 103976),
	(23179989, '1 1/8"', 1507, 103976),
	(23185249, 'неинтегрированная', 1481, 103929),
	(23185250, 'прогулочный', 1484, 103929),
	(23185251, '17.5 см', 1485, 103929),
	(23185252, 'квадрат', 1487, 103929),
	(23185253, '1', 1490, 103929),
	(23185254, 'отсутствует', 1492, 103929),
	(23185255, 'ободной (V-Brake)', 1494, 103929),
	(23185256, 'прогулочный', 1495, 103929),
	(23185257, 'с подъемом', 1497, 103929),
	(23185258, '20 дюймов', 1499, 103929),
	(23185259, 'алюминиевый сплав', 1500, 103929),
	(23185260, 'есть', 1501, 103929),
	(23185261, 'металл', 1502, 103929),
	(23185262, 'хроммолибденовый сплав', 1504, 103929),
	(23185263, 'отсутствует', 1505, 103929),
	(23185264, 'жесткая', 1506, 103929),
	(23185265, '1 1/8"', 1507, 103929),
	(23185391, 'интегрированная', 1481, 103932),
	(23185392, 'прогулочный', 1482, 103932),
	(23185393, 'прогулочный', 1483, 103932),
	(23185394, 'прогулочный', 1484, 103932),
	(23185395, 'прогулочный', 1486, 103932),
	(23185396, 'триггерные двухрычажные', 1488, 103932),
	(23185397, 'прогулочный', 1489, 103932),
	(23185398, '27', 1490, 103932),
	(23185399, 'дисковый (гидравлический)', 1492, 103932),
	(23185400, 'любительский', 1493, 103932),
	(23185401, 'дисковый (гидравлический)', 1494, 103932),
	(23185402, 'любительский', 1495, 103932),
	(23185403, 'с подъемом', 1497, 103932),
	(23185404, 'сталь', 1511, 103932),
	(23185405, '26 дюймов', 1499, 103932),
	(23185406, 'алюминиевый сплав', 1500, 103932),
	(23185407, 'есть', 1501, 103932),
	(23185408, 'кевлар', 1502, 103932),
	(23185409, 'алюминиевый сплав', 1504, 103932),
	(23185410, 'Full suspension (двухподвесный)', 1505, 103932),
	(23185411, 'воздушно-масляная', 1506, 103932),
	(23185412, '1 1/8"', 1507, 103932),
	(23185413, 'профессиональный', 1508, 103932),
	(23185414, '140 мм', 1509, 103932),
	(23185415, '152 мм', 1516, 103932),
	(23185416, 'неинтегрированная', 1481, 103935),
	(23185417, 'прогулочный', 1482, 103935),
	(23185418, 'прогулочный', 1483, 103935),
	(23185419, 'прогулочный', 1484, 103935),
	(23185420, '17.5 см', 1485, 103935),
	(23185421, 'любительский', 1486, 103935),
	(23185422, 'триггерные двухрычажные', 1488, 103935),
	(23185423, 'прогулочный', 1489, 103935),
	(23185424, '27', 1490, 103935),
	(23185425, 'дисковый (гидравлический)', 1494, 103935),
	(23185426, 'любительский', 1495, 103935),
	(23185427, 'дисковый (гидравлический)', 1492, 103935),
	(23185428, 'любительский', 1493, 103935),
	(23185429, 'с подъемом', 1497, 103935),
	(23185430, 'сталь', 1511, 103935),
	(23185431, '26 дюймов', 1499, 103935),
	(23185432, 'алюминиевый сплав', 1500, 103935),
	(23185433, 'есть', 1501, 103935),
	(23185434, 'кевлар', 1502, 103935),
	(23185435, 'алюминиевый сплав', 1504, 103935),
	(23185436, 'Full suspension (двухподвесный)', 1505, 103935),
	(23185437, 'воздушно-масляная', 1506, 103935),
	(23185438, '1 1/8"', 1507, 103935),
	(23185439, 'любительский', 1508, 103935),
	(23185440, '140 мм', 1509, 103935),
	(23185441, '152 мм', 1516, 103935),
	(23188834, 'неинтегрированная', 1481, 103941),
	(23188835, 'прогулочный', 1482, 103941),
	(23188836, 'прогулочный', 1483, 103941),
	(23188837, 'прогулочный', 1484, 103941),
	(23188838, 'прогулочный', 1486, 103941),
	(23188839, 'квадрат', 1487, 103941),
	(23188840, 'триггерные двухрычажные', 1488, 103941),
	(23188841, 'прогулочный', 1489, 103941),
	(23188842, '24', 1490, 103941),
	(23188843, 'прогулочный', 1495, 103941),
	(23188844, 'дисковый (механический)', 1492, 103941),
	(23188845, 'прогулочный', 1493, 103941),
	(23188846, 'дисковый (механический)', 1494, 103941),
	(23188847, 'с подъемом', 1497, 103941),
	(23188848, 'сталь', 1511, 103941),
	(23188849, '26 дюймов', 1499, 103941),
	(23188850, 'алюминиевый сплав', 1500, 103941),
	(23188851, 'есть', 1501, 103941),
	(23188852, 'металл', 1502, 103941),
	(23188853, 'алюминиевый сплав', 1504, 103941),
	(23188854, 'Hard tail (с амортизационной вилкой)', 1505, 103941),
	(23188855, 'пружинно-эластомерная', 1506, 103941),
	(23188856, '1 1/8"', 1507, 103941),
	(23188857, 'прогулочный', 1508, 103941),
	(23188858, '100 мм', 1509, 103941),
	(23195703, 'неинтегрированная', 1481, 103944),
	(23195704, 'начальный', 1482, 103944),
	(23195705, 'начальный', 1483, 103944),
	(23195706, 'прогулочный', 1484, 103944),
	(23195707, 'начальный', 1486, 103944),
	(23195708, 'квадрат', 1487, 103944),
	(23195709, 'триггерные двухрычажные', 1488, 103944),
	(23195710, 'начальный', 1489, 103944),
	(23195711, '21', 1490, 103944),
	(23195712, 'ободной (V-Brake)', 1492, 103944),
	(23195713, 'прогулочный', 1493, 103944),
	(23195714, 'ободной (V-Brake)', 1494, 103944),
	(23195715, 'прогулочный', 1495, 103944),
	(23195716, 'с подъемом', 1497, 103944),
	(23195717, 'сталь', 1511, 103944),
	(23195718, '26 дюймов', 1499, 103944),
	(23195719, 'алюминиевый сплав', 1500, 103944),
	(23195720, 'есть', 1501, 103944),
	(23195721, 'металл', 1502, 103944),
	(23195722, 'алюминиевый сплав', 1504, 103944),
	(23195723, 'Hard tail (с амортизационной вилкой)', 1505, 103944),
	(23195724, 'пружинно-эластомерная', 1506, 103944),
	(23195725, '1 1/8"', 1507, 103944),
	(23195726, 'прогулочный', 1508, 103944),
	(23195727, '75 мм', 1509, 103944),
	(23197723, 'начальный', 1484, 103947),
	(23197724, '1', 1490, 103947),
	(23197725, 'отсутствует', 1492, 103947),
	(23197726, 'ножной', 1494, 103947),
	(23197727, 'начальный', 1495, 103947),
	(23197728, 'с подъемом', 1497, 103947),
	(23197729, 'сталь', 1511, 103947),
	(23197730, '12 дюймов', 1499, 103947),
	(23197731, 'сталь', 1500, 103947),
	(23197732, 'есть', 1501, 103947),
	(23197733, 'металл', 1502, 103947),
	(23197734, 'есть', 1517, 103947),
	(23197735, 'жесткая', 1506, 103947),
	(23197736, '1"', 1507, 103947),
	(23197737, 'алюминиевый сплав', 1504, 103947),
	(23197738, 'отсутствует', 1505, 103947),
	(23197739, '1', 1490, 103950),
	(23197740, 'отсутствует', 1492, 103950),
	(23197741, 'ножной', 1494, 103950),
	(23197742, 'начальный', 1495, 103950),
	(23197743, 'с подъемом', 1497, 103950),
	(23197744, 'сталь', 1511, 103950),
	(23197745, '16 дюймов', 1499, 103950),
	(23197746, 'сталь', 1500, 103950),
	(23197747, 'есть', 1501, 103950),
	(23197748, 'металл', 1502, 103950),
	(23197749, 'есть', 1517, 103950),
	(23197750, 'алюминиевый сплав', 1504, 103950),
	(23197751, 'отсутствует', 1505, 103950),
	(23197752, 'жесткая', 1506, 103950),
	(23197753, '1"', 1507, 103950),
	(23197754, 'начальный', 1484, 103953),
	(23197755, '1', 1490, 103953),
	(23197756, 'ножной', 1494, 103953),
	(23197757, 'начальный', 1495, 103953),
	(23197758, 'отсутствует', 1492, 103953),
	(23197759, 'с подъемом', 1497, 103953),
	(23197760, 'сталь', 1511, 103953),
	(23197761, '20 дюймов', 1499, 103953),
	(23197762, 'алюминиевый сплав', 1500, 103953),
	(23197763, 'есть', 1501, 103953),
	(23197764, 'металл', 1502, 103953),
	(23197765, 'алюминиевый сплав', 1504, 103953),
	(23197766, 'отсутствует', 1505, 103953),
	(23197767, 'жесткая', 1506, 103953),
	(23197768, '1"', 1507, 103953),
	(23198560, 'неинтегрированная', 1481, 103956),
	(23198561, 'начальный', 1484, 103956),
	(23198562, '12.7 см', 1485, 103956),
	(23198563, 'квадрат', 1487, 103956),
	(23198564, '1', 1490, 103956),
	(23198565, 'отсутствует', 1492, 103956),
	(23198566, 'ободной (V-Brake)', 1494, 103956),
	(23198567, 'прогулочный', 1495, 103956),
	(23198568, 'с подъемом', 1497, 103956),
	(23198569, 'сталь', 1511, 103956),
	(23198570, '20 дюймов', 1499, 103956),
	(23198571, 'алюминиевый сплав', 1500, 103956),
	(23198572, 'есть', 1501, 103956),
	(23198573, 'металл', 1502, 103956),
	(23198574, 'сталь', 1504, 103956),
	(23198575, 'отсутствует', 1505, 103956),
	(23198576, 'жесткая', 1506, 103956),
	(23198577, '1 1/8"', 1507, 103956),
	(23198578, 'неинтегрированная', 1481, 103959),
	(23198579, 'начальный', 1484, 103959),
	(23198580, '11.4 см', 1485, 103959),
	(23198581, 'квадрат', 1487, 103959),
	(23198582, '1', 1490, 103959),
	(23198583, 'отсутствует', 1492, 103959),
	(23198584, 'ножной', 1494, 103959),
	(23198585, 'начальный', 1495, 103959),
	(23198586, 'с подъемом', 1497, 103959),
	(23198587, 'сталь', 1511, 103959),
	(23198588, '16 дюймов', 1499, 103959),
	(23198589, 'алюминиевый сплав', 1500, 103959),
	(23198590, 'есть', 1501, 103959),
	(23198591, 'металл', 1502, 103959),
	(23198592, 'есть', 1517, 103959),
	(23198593, 'жесткая', 1506, 103959),
	(23198594, '1"', 1507, 103959),
	(23198595, 'сталь', 1504, 103959),
	(23198596, 'отсутствует', 1505, 103959),
	(23200864, 'неинтегрированная', 1481, 103962),
	(23200865, 'прогулочный', 1482, 103962),
	(23200866, 'прогулочный', 1483, 103962),
	(23200867, 'прогулочный', 1484, 103962),
	(23200868, 'любительский', 1486, 103962),
	(23200869, 'Octalink', 1487, 103962),
	(23200870, 'триггерные двухрычажные', 1488, 103962),
	(23200871, 'прогулочный', 1489, 103962),
	(23200872, '27', 1490, 103962),
	(23200873, 'дисковый (гидравлический)', 1492, 103962),
	(23200874, 'любительский', 1493, 103962),
	(23200875, 'дисковый (гидравлический)', 1494, 103962),
	(23200876, 'любительский', 1495, 103962),
	(23200877, 'с подъемом', 1497, 103962),
	(23200878, 'сталь', 1511, 103962),
	(23200879, 'алюминиевый сплав', 1500, 103962),
	(23200880, 'есть', 1501, 103962),
	(23200881, '26 дюймов', 1499, 103962),
	(23200882, '120 мм', 1509, 103962),
	(23200883, '102 мм', 1516, 103962),
	(23200884, 'алюминиевый сплав', 1504, 103962),
	(23200885, 'Full suspension (двухподвесный)', 1505, 103962),
	(23200886, 'воздушно-масляная', 1506, 103962),
	(23200887, '1 1/8"', 1507, 103962),
	(23200888, 'любительский', 1508, 103962),
	(23211144, 'неинтегрированная', 1481, 103965),
	(23211145, 'начальный', 1482, 103965),
	(23211146, 'прогулочный', 1483, 103965),
	(23211147, 'прогулочный', 1484, 103965),
	(23211148, 'прогулочный', 1486, 103965),
	(23211149, 'квадрат', 1487, 103965),
	(23211150, 'триггерные двухрычажные', 1488, 103965),
	(23211151, 'прогулочный', 1489, 103965),
	(23211152, '24', 1490, 103965),
	(23211153, 'прогулочный', 1493, 103965),
	(23211154, 'ободной (V-Brake)', 1494, 103965),
	(23211155, 'прогулочный', 1495, 103965),
	(23211156, 'ободной (V-Brake)', 1492, 103965),
	(23211157, 'с подъемом', 1497, 103965),
	(23211158, 'сталь', 1511, 103965),
	(23211159, '28 дюймов', 1499, 103965),
	(23211160, 'алюминиевый сплав', 1500, 103965),
	(23211161, 'есть', 1501, 103965),
	(23211162, 'металл', 1502, 103965),
	(23211163, 'алюминиевый сплав', 1504, 103965),
	(23211164, 'Hard tail (с амортизационной вилкой)', 1505, 103965),
	(23211165, 'пружинно-масляная', 1506, 103965),
	(23211166, '1 1/8"', 1507, 103965),
	(23211167, 'любительский', 1508, 103965),
	(23211168, '63 мм', 1509, 103965),
	(23211169, 'неинтегрированная', 1481, 103968),
	(23211170, 'прогулочный', 1482, 103968),
	(23211171, 'прогулочный', 1483, 103968),
	(23211172, 'прогулочный', 1484, 103968),
	(23211173, 'прогулочный', 1486, 103968),
	(23211174, 'квадрат', 1487, 103968),
	(23211175, 'триггерные двухрычажные', 1488, 103968),
	(23211176, 'прогулочный', 1489, 103968),
	(23211177, '24', 1490, 103968),
	(23211178, 'ободной (V-Brake)', 1492, 103968),
	(23211179, 'прогулочный', 1493, 103968),
	(23211180, 'ободной (V-Brake)', 1494, 103968),
	(23211181, 'прогулочный', 1495, 103968),
	(23211182, 'с подъемом', 1497, 103968),
	(23211183, 'сталь', 1511, 103968),
	(23211184, '28 дюймов', 1499, 103968),
	(23211185, 'алюминиевый сплав', 1500, 103968),
	(23211186, 'есть', 1501, 103968),
	(23211187, 'металл', 1502, 103968),
	(23211188, 'алюминиевый сплав', 1504, 103968),
	(23211189, 'Hard tail (с амортизационной вилкой)', 1505, 103968),
	(23211190, 'пружинно-масляная', 1506, 103968),
	(23211191, '1 1/8"', 1507, 103968),
	(23211192, 'любительский', 1508, 103968),
	(23211193, '63 мм', 1509, 103968),
	(23212590, 'неинтегрированная', 1481, 103971),
	(23212591, 'начальный', 1482, 103971),
	(23212592, 'прогулочный', 1483, 103971),
	(23212593, 'прогулочный', 1484, 103971),
	(23212594, 'прогулочный', 1486, 103971),
	(23212595, 'квадрат', 1487, 103971),
	(23212596, 'триггерные двухрычажные', 1488, 103971),
	(23212597, 'начальный', 1489, 103971),
	(23212598, '24', 1490, 103971),
	(23212599, 'дисковый (механический)', 1492, 103971),
	(23212600, 'прогулочный', 1493, 103971),
	(23212601, 'дисковый (механический)', 1494, 103971),
	(23212602, 'прогулочный', 1495, 103971),
	(23212603, 'с подъемом', 1497, 103971),
	(23212604, 'сталь', 1511, 103971),
	(23212605, 'алюминиевый сплав', 1500, 103971),
	(23212606, 'металл', 1502, 103971),
	(23212607, '24 дюймов', 1499, 103971),
	(23212608, '75 мм', 1509, 103971),
	(23212609, 'алюминиевый сплав', 1504, 103971),
	(23212610, 'Hard tail (с амортизационной вилкой)', 1505, 103971),
	(23212611, 'пружинно-эластомерная', 1506, 103971),
	(23212612, '1 1/8"', 1507, 103971),
	(23212613, 'прогулочный', 1508, 103971),
	(23212614, 'неинтегрированная', 1481, 103974),
	(23212615, 'начальный', 1482, 103974),
	(23212616, 'прогулочный', 1483, 103974),
	(23212617, 'прогулочный', 1484, 103974),
	(23212618, 'прогулочный', 1486, 103974),
	(23212619, 'квадрат', 1487, 103974),
	(23212620, 'триггерные двухрычажные', 1488, 103974),
	(23212621, 'начальный', 1489, 103974),
	(23212622, '24', 1490, 103974),
	(23212623, 'дисковый (механический)', 1492, 103974),
	(23212624, 'прогулочный', 1493, 103974),
	(23212625, 'дисковый (механический)', 1494, 103974),
	(23212626, 'прогулочный', 1495, 103974),
	(23212627, 'с подъемом', 1497, 103974),
	(23212628, 'сталь', 1511, 103974),
	(23212629, '26 дюймов', 1499, 103974),
	(23212630, 'алюминиевый сплав', 1500, 103974),
	(23212631, 'есть', 1501, 103974),
	(23212632, 'металл', 1502, 103974),
	(23212633, 'алюминиевый сплав', 1504, 103974),
	(23212634, 'Hard tail (с амортизационной вилкой)', 1505, 103974),
	(23212635, 'пружинно-эластомерная', 1506, 103974),
	(23212636, '1 1/8"', 1507, 103974),
	(23212637, 'прогулочный', 1508, 103974),
	(23212638, '75 мм', 1509, 103974),
	(23212639, 'неинтегрированная', 1481, 103930),
	(23212640, 'начальный', 1482, 103930),
	(23212641, 'прогулочный', 1483, 103930),
	(23212642, 'прогулочный', 1484, 103930),
	(23212643, 'прогулочный', 1486, 103930),
	(23212644, 'квадрат', 1487, 103930),
	(23212645, 'триггерные двухрычажные', 1488, 103930),
	(23212646, 'начальный', 1489, 103930),
	(23212647, '24', 1490, 103930),
	(23212648, 'дисковый (механический)', 1492, 103930),
	(23212649, 'прогулочный', 1493, 103930),
	(23212650, 'дисковый (механический)', 1494, 103930),
	(23212651, 'прогулочный', 1495, 103930),
	(23212652, 'с подъемом', 1497, 103930),
	(23212653, 'сталь', 1511, 103930),
	(23212654, '26 дюймов', 1499, 103930),
	(23212655, 'алюминиевый сплав', 1500, 103930),
	(23212656, 'есть', 1501, 103930),
	(23212657, 'металл', 1502, 103930),
	(23212658, 'алюминиевый сплав', 1504, 103930),
	(23212659, 'Hard tail (с амортизационной вилкой)', 1505, 103930),
	(23212660, 'пружинно-эластомерная', 1506, 103930),
	(23212661, '1 1/8"', 1507, 103930),
	(23212662, 'прогулочный', 1508, 103930),
	(23212663, '63 мм', 1509, 103930),
	(23213400, 'неинтегрированная', 1481, 103936),
	(23213401, 'прогулочный', 1484, 103936),
	(23213402, '17.5 см', 1485, 103936),
	(23213403, 'квадрат', 1487, 103936),
	(23213404, '1', 1490, 103936),
	(23213405, 'ободной (клещевой)', 1492, 103936),
	(23213406, 'прогулочный', 1493, 103936),
	(23213407, 'ободной (клещевой)', 1494, 103936),
	(23213408, 'прогулочный', 1495, 103936),
	(23213409, 'с подъемом', 1497, 103936),
	(23213410, 'сталь', 1511, 103936),
	(23213411, '20 дюймов', 1499, 103936),
	(23213412, 'алюминиевый сплав', 1500, 103936),
	(23213413, 'есть', 1501, 103936),
	(23213414, 'металл', 1502, 103936),
	(23213415, 'жесткая', 1506, 103936),
	(23213416, '1 1/8"', 1507, 103936),
	(23213417, 'хроммолибденовый сплав', 1504, 103936),
	(23213418, 'отсутствует', 1505, 103936),
	(23224088, 'интегрированная', 1481, 103939),
	(23224089, 'любительский', 1483, 103939),
	(23224090, 'любительский', 1484, 103939),
	(23224091, 'любительский', 1486, 103939),
	(23224092, 'триггерные двухрычажные', 1488, 103939),
	(23224093, 'любительский', 1489, 103939),
	(23224094, '9', 1490, 103939),
	(23224095, 'дисковый (гидравлический)', 1492, 103939),
	(23224096, 'профессиональный', 1493, 103939),
	(23224097, 'дисковый (гидравлический)', 1494, 103939),
	(23224098, 'профессиональный', 1495, 103939),
	(23224099, 'с подъемом', 1497, 103939),
	(23224100, '26 дюймов', 1499, 103939),
	(23224101, 'алюминиевый сплав', 1500, 103939),
	(23224102, 'есть', 1501, 103939),
	(23224103, 'металл', 1502, 103939),
	(23224104, 'алюминиевый сплав', 1504, 103939),
	(23224105, 'Hard tail (с амортизационной вилкой)', 1505, 103939),
	(23224106, 'воздушно-масляная', 1506, 103939),
	(23224107, '1 1/8"', 1507, 103939),
	(23224108, 'любительский', 1508, 103939),
	(23224109, '100 мм', 1509, 103939),
	(23224110, 'неинтегрированная', 1481, 103942),
	(23224111, 'прогулочный', 1483, 103942),
	(23224112, 'прогулочный', 1484, 103942),
	(23224113, 'любительский', 1486, 103942),
	(23224114, 'ISIS', 1487, 103942),
	(23224115, 'триггерные двухрычажные', 1488, 103942),
	(23224116, 'прогулочный', 1489, 103942),
	(23224117, '9', 1490, 103942),
	(23224118, 'дисковый (гидравлический)', 1492, 103942),
	(23224119, 'любительский', 1493, 103942),
	(23224120, 'дисковый (гидравлический)', 1494, 103942),
	(23224121, 'любительский', 1495, 103942),
	(23224122, 'с подъемом', 1497, 103942),
	(23224123, 'алюминиевый сплав', 1500, 103942),
	(23224124, 'есть', 1501, 103942),
	(23224125, 'металл', 1502, 103942),
	(23224126, '26 дюймов', 1499, 103942),
	(23224127, '100 мм', 1509, 103942),
	(23224128, 'алюминиевый сплав', 1504, 103942),
	(23224129, 'Hard tail (с амортизационной вилкой)', 1505, 103942),
	(23224130, 'пружинно-эластомерная', 1506, 103942),
	(23224131, '1 1/8"', 1507, 103942),
	(23224132, 'прогулочный', 1508, 103942),
	(23224133, 'неинтегрированная', 1481, 103945),
	(23224134, 'прогулочный', 1484, 103945),
	(23224135, '17.5 см', 1485, 103945),
	(23224136, 'квадрат', 1487, 103945),
	(23224137, '1', 1490, 103945),
	(23224138, 'дисковый (гидравлический)', 1492, 103945),
	(23224139, 'любительский', 1493, 103945),
	(23224140, 'дисковый (гидравлический)', 1494, 103945),
	(23224141, 'любительский', 1495, 103945),
	(23224142, 'с подъемом', 1497, 103945),
	(23224143, '26 дюймов', 1499, 103945),
	(23224144, 'алюминиевый сплав', 1500, 103945),
	(23224145, 'есть', 1501, 103945),
	(23224146, '1 1/8"', 1507, 103945),
	(23224147, 'любительский', 1508, 103945),
	(23224148, '80 мм', 1509, 103945),
	(23224149, 'хроммолибденовый сплав', 1504, 103945),
	(23224150, 'Hard tail (с амортизационной вилкой)', 1505, 103945),
	(23224151, 'пружинно-масляная', 1506, 103945),
	(23224152, 'неинтегрированная', 1481, 103948),
	(23224153, 'прогулочный', 1484, 103948),
	(23224154, '17.5 см', 1485, 103948),
	(23224155, 'квадрат', 1487, 103948),
	(23224156, '1', 1490, 103948),
	(23224157, 'дисковый (механический)', 1492, 103948),
	(23224158, 'прогулочный', 1493, 103948),
	(23224159, 'ободной (V-Brake)', 1494, 103948),
	(23224160, 'прогулочный', 1495, 103948),
	(23224161, 'с подъемом', 1497, 103948),
	(23224162, '24 дюймов', 1499, 103948),
	(23224163, 'алюминиевый сплав', 1500, 103948),
	(23224164, 'есть', 1501, 103948),
	(23224165, 'металл', 1502, 103948),
	(23224166, 'хроммолибденовый сплав', 1504, 103948),
	(23224167, 'отсутствует', 1505, 103948),
	(23224168, 'жесткая', 1506, 103948),
	(23224169, '1 1/8"', 1507, 103948),
	(23229728, 'неинтегрированная', 1481, 103951),
	(23229729, 'начальный', 1484, 103951),
	(23229730, '17 см', 1485, 103951),
	(23229731, 'квадрат', 1487, 103951),
	(23229732, '1', 1490, 103951),
	(23229733, 'ободной (клещевой)', 1492, 103951),
	(23229734, 'прогулочный', 1493, 103951),
	(23229735, 'ободной (клещевой)', 1494, 103951),
	(23229736, 'прогулочный', 1495, 103951),
	(23229737, 'с подъемом', 1497, 103951),
	(23229738, 'сталь', 1511, 103951),
	(23229739, '20 дюймов', 1499, 103951),
	(23229740, 'алюминиевый сплав', 1500, 103951),
	(23229741, 'есть', 1501, 103951),
	(23229742, 'металл', 1502, 103951),
	(23229743, 'сталь', 1504, 103951),
	(23229744, 'отсутствует', 1505, 103951),
	(23229745, 'жесткая', 1506, 103951),
	(23229746, '1 1/8"', 1507, 103951),
	(23233729, 'неинтегрированная', 1481, 103954),
	(23233730, 'начальный', 1483, 103954),
	(23233731, 'начальный', 1486, 103954),
	(23233732, 'квадрат', 1487, 103954),
	(23233733, 'вращающаяся ручка', 1488, 103954),
	(23233734, 'прогулочный', 1489, 103954),
	(23233735, '7', 1490, 103954),
	(23233736, 'ободной (V-Brake)', 1492, 103954),
	(23233737, 'прогулочный', 1493, 103954),
	(23233738, 'ободной (V-Brake)', 1494, 103954),
	(23233739, 'прогулочный', 1495, 103954),
	(23233740, 'с подъемом', 1497, 103954),
	(23233741, 'сталь', 1511, 103954),
	(23233742, '20 дюймов', 1499, 103954),
	(23233743, 'алюминиевый сплав', 1500, 103954),
	(23233744, 'есть', 1501, 103954),
	(23233745, 'металл', 1502, 103954),
	(23233746, 'алюминиевый сплав', 1504, 103954),
	(23233747, 'Hard tail (с амортизационной вилкой)', 1505, 103954),
	(23233748, 'пружинно-эластомерная', 1506, 103954),
	(23233749, '1 1/8"', 1507, 103954),
	(23233750, 'начальный', 1508, 103954),
	(23233751, '30 мм', 1509, 103954),
	(23233752, 'неинтегрированная', 1481, 103957),
	(23233753, 'начальный', 1482, 103957),
	(23233754, 'начальный', 1483, 103957),
	(23233755, 'начальный', 1486, 103957),
	(23233756, 'квадрат', 1487, 103957),
	(23233757, 'вращающаяся ручка', 1488, 103957),
	(23233758, 'прогулочный', 1489, 103957),
	(23233759, '21', 1490, 103957),
	(23233760, 'ободной (V-Brake)', 1492, 103957),
	(23233761, 'прогулочный', 1493, 103957),
	(23233762, 'ободной (V-Brake)', 1494, 103957),
	(23233763, 'прогулочный', 1495, 103957),
	(23233764, 'с подъемом', 1497, 103957),
	(23233765, 'сталь', 1511, 103957),
	(23233766, '24 дюймов', 1499, 103957),
	(23233767, 'алюминиевый сплав', 1500, 103957),
	(23233768, 'есть', 1501, 103957),
	(23233769, 'металл', 1502, 103957),
	(23233770, 'алюминиевый сплав', 1504, 103957),
	(23233771, 'Hard tail (с амортизационной вилкой)', 1505, 103957),
	(23233772, 'пружинно-эластомерная', 1506, 103957),
	(23233773, '1 1/8"', 1507, 103957),
	(23233774, 'прогулочный', 1508, 103957),
	(23233775, '75 мм', 1509, 103957),
	(23233776, 'неинтегрированная', 1481, 103960),
	(23233777, 'начальный', 1482, 103960),
	(23233778, 'начальный', 1483, 103960),
	(23233779, 'начальный', 1484, 103960),
	(23233780, 'начальный', 1486, 103960),
	(23233781, 'квадрат', 1487, 103960),
	(23233782, 'вращающаяся ручка', 1488, 103960),
	(23233783, 'начальный', 1489, 103960),
	(23233784, '21', 1490, 103960),
	(23233785, 'ободной (V-Brake)', 1492, 103960),
	(23233786, 'прогулочный', 1493, 103960),
	(23233787, 'ободной (V-Brake)', 1494, 103960),
	(23233788, 'прогулочный', 1495, 103960),
	(23233789, 'с подъемом', 1497, 103960),
	(23233790, 'сталь', 1511, 103960),
	(23233791, '24 дюймов', 1499, 103960),
	(23233792, 'алюминиевый сплав', 1500, 103960),
	(23233793, 'есть', 1501, 103960),
	(23233794, 'металл', 1502, 103960),
	(23233795, 'алюминиевый сплав', 1504, 103960),
	(23233796, 'Hard tail (с амортизационной вилкой)', 1505, 103960),
	(23233797, 'пружинная', 1506, 103960),
	(23233798, '1 1/8"', 1507, 103960),
	(23233799, 'начальный', 1508, 103960),
	(23233800, '75 мм', 1509, 103960),
	(23239292, 'неинтегрированная', 1481, 103963),
	(23239293, 'начальный', 1482, 103963),
	(23239294, 'прогулочный', 1483, 103963),
	(23239295, 'прогулочный', 1484, 103963),
	(23239296, 'прогулочный', 1486, 103963),
	(23239297, 'квадрат', 1487, 103963),
	(23239298, 'вращающаяся ручка', 1488, 103963),
	(23239299, 'начальный', 1489, 103963),
	(23239300, '24', 1490, 103963),
	(23239301, 'ободной (V-Brake)', 1492, 103963),
	(23239302, 'прогулочный', 1493, 103963),
	(23239303, 'ободной (V-Brake)', 1494, 103963),
	(23239304, 'прогулочный', 1495, 103963),
	(23239305, 'с подъемом', 1497, 103963),
	(23239306, 'сталь', 1511, 103963),
	(23239307, '26 дюймов', 1499, 103963),
	(23239308, 'алюминиевый сплав', 1500, 103963),
	(23239309, 'есть', 1501, 103963),
	(23239310, 'металл', 1502, 103963),
	(23239311, 'алюминиевый сплав', 1504, 103963),
	(23239312, 'Hard tail (с амортизационной вилкой)', 1505, 103963),
	(23239313, 'пружинно-масляная', 1506, 103963),
	(23239314, '1 1/8"', 1507, 103963),
	(23239315, 'любительский', 1508, 103963),
	(23239316, '63 мм', 1509, 103963),
	(23239317, 'неинтегрированная', 1481, 103966),
	(23239318, 'начальный', 1482, 103966),
	(23239319, 'прогулочный', 1483, 103966),
	(23239320, 'прогулочный', 1484, 103966),
	(23239321, 'прогулочный', 1486, 103966),
	(23239322, 'квадрат', 1487, 103966),
	(23239323, 'вращающаяся ручка', 1488, 103966),
	(23239324, 'начальный', 1489, 103966),
	(23239325, '24', 1490, 103966),
	(23239326, 'ободной (V-Brake)', 1492, 103966),
	(23239327, 'прогулочный', 1493, 103966),
	(23239328, 'ободной (V-Brake)', 1494, 103966),
	(23239329, 'прогулочный', 1495, 103966),
	(23239330, 'с подъемом', 1497, 103966),
	(23239331, 'сталь', 1511, 103966),
	(23239332, '26 дюймов', 1499, 103966),
	(23239333, 'алюминиевый сплав', 1500, 103966),
	(23239334, 'есть', 1501, 103966),
	(23239335, 'металл', 1502, 103966),
	(23239336, 'алюминиевый сплав', 1504, 103966),
	(23239337, 'Hard tail (с амортизационной вилкой)', 1505, 103966),
	(23239338, 'пружинно-масляная', 1506, 103966),
	(23239339, '1 1/8"', 1507, 103966),
	(23239340, 'любительский', 1508, 103966),
	(23239341, '63 мм', 1509, 103966),
	(23241845, 'неинтегрированная', 1481, 103969),
	(23241846, 'начальный', 1482, 103969),
	(23241847, 'прогулочный', 1483, 103969),
	(23241848, 'прогулочный', 1484, 103969),
	(23241849, 'прогулочный', 1486, 103969),
	(23241850, 'квадрат', 1487, 103969),
	(23241851, 'триггерные двухрычажные', 1488, 103969),
	(23241852, 'прогулочный', 1489, 103969),
	(23241853, '24', 1490, 103969),
	(23241854, 'дисковый (механический)', 1492, 103969),
	(23241855, 'прогулочный', 1493, 103969),
	(23241856, 'дисковый (механический)', 1494, 103969),
	(23241857, 'прогулочный', 1495, 103969),
	(23241858, 'с подъемом', 1497, 103969),
	(23241859, 'сталь', 1511, 103969),
	(23241860, '28 дюймов', 1499, 103969),
	(23241861, 'алюминиевый сплав', 1500, 103969),
	(23241862, 'есть', 1501, 103969),
	(23241863, 'металл', 1502, 103969),
	(23241864, 'алюминиевый сплав', 1504, 103969),
	(23241865, 'Hard tail (с амортизационной вилкой)', 1505, 103969),
	(23241866, 'пружинно-эластомерная', 1506, 103969),
	(23241867, '1 1/8"', 1507, 103969),
	(23241868, 'прогулочный', 1508, 103969),
	(23241869, '50 мм', 1509, 103969),
	(23248644, 'неинтегрированная', 1481, 103972),
	(23248645, 'прогулочный', 1482, 103972),
	(23248646, 'любительский', 1483, 103972),
	(23248647, 'прогулочный', 1484, 103972),
	(23248648, 'любительский', 1486, 103972),
	(23248649, 'Octalink', 1487, 103972),
	(23248650, 'триггерные двухрычажные', 1488, 103972),
	(23248651, 'прогулочный', 1489, 103972),
	(23248652, '27', 1490, 103972),
	(23248653, 'дисковый (гидравлический)', 1492, 103972),
	(23248654, 'любительский', 1493, 103972),
	(23248655, 'дисковый (гидравлический)', 1494, 103972),
	(23248656, 'любительский', 1495, 103972),
	(23248657, 'с подъемом', 1497, 103972),
	(23248658, 'хроммолибденовый сплав', 1511, 103972),
	(23248659, 'кожа + кевлар', 1512, 103972),
	(23248660, '26 дюймов', 1499, 103972),
	(23248661, 'алюминиевый сплав', 1500, 103972),
	(23248662, 'есть', 1501, 103972),
	(23248663, 'кевлар', 1502, 103972),
	(23248664, 'алюминиевый сплав', 1504, 103972),
	(23248665, 'Hard tail (с амортизационной вилкой)', 1505, 103972),
	(23248666, 'воздушно-масляная', 1506, 103972),
	(23248667, '1 1/8"', 1507, 103972),
	(23248668, 'любительский', 1508, 103972),
	(23248669, '100 мм', 1509, 103972),
	(23248840, 'неинтегрированная', 1481, 103975),
	(23248841, 'прогулочный', 1484, 103975),
	(23248842, '17 см', 1485, 103975),
	(23248843, 'квадрат', 1487, 103975),
	(23248844, '1', 1490, 103975),
	(23248845, 'ободной (клещевой)', 1492, 103975),
	(23248846, 'прогулочный', 1493, 103975),
	(23248847, 'ободной (клещевой)', 1494, 103975),
	(23248848, 'прогулочный', 1495, 103975),
	(23248849, 'с подъемом', 1497, 103975),
	(23248850, 'сталь', 1511, 103975),
	(23248851, '20 дюймов', 1499, 103975),
	(23248852, 'алюминиевый сплав', 1500, 103975),
	(23248853, 'есть', 1501, 103975),
	(23248854, 'металл', 1502, 103975),
	(23248855, 'сталь', 1504, 103975),
	(23248856, 'отсутствует', 1505, 103975),
	(23248857, 'жесткая', 1506, 103975),
	(23248858, '1 1/8"', 1507, 103975),
	(23249037, 'горный (MTB)', 1514, 103938),
	(23249038, 'для взрослых', 1513, 103938),
	(23249039, 'любительский', 1484, 103938),
	(23249040, 'прогулочный', 1489, 103938),
	(23249041, '9', 1490, 103938),
	(23249042, 'профессиональный', 1495, 103938),
	(23249043, 'дисковый (гидравлический)', 1494, 103938),
	(23249044, 'профессиональный', 1493, 103938),
	(23249045, 'дисковый (гидравлический)', 1492, 103938),
	(23249046, 'есть', 1501, 103938),
	(23249047, 'алюминиевый сплав', 1500, 103938),
	(23249048, '26дюймов', 1499, 103938),
	(23249049, '200', 1509, 103938),
	(23249050, 'профессиональный', 1508, 103938),
	(23249051, '210', 1516, 103938),
	(23249093, 'горный (MTB)', 1514, 105860),
	(23249094, 'для взрослых', 1513, 105860),
	(23249095, 'интегрированная', 1481, 105860),
	(23249096, 'начальный', 1482, 105860),
	(23249097, 'начальный', 1483, 105860),
	(23249098, 'начальный', 1484, 105860),
	(23249099, 'начальный', 1495, 105860),
	(23249100, 'ободной (V-Brake)', 1494, 105860),
	(23249101, 'начальный', 1493, 105860),
	(23249102, 'ободной (V-Brake)', 1492, 105860),
	(23249103, 'прямой', 1497, 105860),
	(23249104, 'сталь', 1500, 105860),
	(23249105, 'алюминиевый сплав', 1504, 105860),
	(23249106, 'начальный', 1508, 105860),
	(23249159, 'горный (MTB)', 1514, 103933),
	(23249160, 'для взрослых', 1513, 103933),
	(23249161, '26дюймов', 1499, 103933),
	(23249162, '63', 1509, 103933),
	(23249261, '30', 1490, 103934);

-- Дамп структуры для таблица db_site_velik.catalog_bikefavourites
CREATE TABLE IF NOT EXISTS `catalog_bikefavourites` (
  `id` bigint NOT NULL AUTO_INCREMENT,
  `bike_id` bigint NOT NULL,
  `user_id` bigint NOT NULL,
  PRIMARY KEY (`id`),
  KEY `catalog_bikefavourites_bike_id_aefb9e7a_fk_catalog_bikemodel_id` (`bike_id`),
  KEY `catalog_bikefavourites_user_id_a4ff35e3_fk_users_user_id` (`user_id`),
  CONSTRAINT `catalog_bikefavourites_bike_id_aefb9e7a_fk_catalog_bikemodel_id` FOREIGN KEY (`bike_id`) REFERENCES `catalog_bikemodel` (`id`),
  CONSTRAINT `catalog_bikefavourites_user_id_a4ff35e3_fk_users_user_id` FOREIGN KEY (`user_id`) REFERENCES `users_user` (`id`)
) ENGINE=InnoDB AUTO_INCREMENT=157 DEFAULT CHARSET=utf8mb4 COLLATE=utf8mb4_0900_ai_ci;

-- Дамп данных таблицы db_site_velik.catalog_bikefavourites: ~7 rows (приблизительно)
INSERT INTO `catalog_bikefavourites` (`id`, `bike_id`, `user_id`) VALUES
	(139, 15082, 1),
	(149, 15086, 1),
	(150, 15079, 1),
	(151, 15087, 1),
	(154, 15122, 3),
	(155, 17027, 3),
	(156, 15078, 1);

-- Дамп структуры для таблица db_site_velik.catalog_bikemark
CREATE TABLE IF NOT EXISTS `catalog_bikemark` (
  `id` bigint NOT NULL AUTO_INCREMENT,
  `name` varchar(255) NOT NULL,
  PRIMARY KEY (`id`),
  UNIQUE KEY `name` (`name`)
) ENGINE=InnoDB AUTO_INCREMENT=3511 DEFAULT CHARSET=utf8mb4 COLLATE=utf8mb4_0900_ai_ci;

-- Дамп данных таблицы db_site_velik.catalog_bikemark: ~2 rows (приблизительно)
INSERT INTO `catalog_bikemark` (`id`, `name`) VALUES
	(3473, 'GT'),
	(3510, 'Stern');

-- Дамп структуры для таблица db_site_velik.catalog_bikemodel
CREATE TABLE IF NOT EXISTS `catalog_bikemodel` (
  `id` bigint NOT NULL AUTO_INCREMENT,
  `name` varchar(255) NOT NULL,
  `slug` varchar(255) NOT NULL,
  `img_url` varchar(100) DEFAULT NULL,
  `mark_id` bigint NOT NULL,
  `star` double NOT NULL,
  `star_count` int NOT NULL,
  PRIMARY KEY (`id`),
  UNIQUE KEY `name` (`name`),
  UNIQUE KEY `slug` (`slug`),
  KEY `catalog_bikemodel_mark_id_70a258d7_fk_catalog_bikemark_id` (`mark_id`),
  CONSTRAINT `catalog_bikemodel_mark_id_70a258d7_fk_catalog_bikemark_id` FOREIGN KEY (`mark_id`) REFERENCES `catalog_bikemark` (`id`)
) ENGINE=InnoDB AUTO_INCREMENT=17028 DEFAULT CHARSET=utf8mb4 COLLATE=utf8mb4_0900_ai_ci;

-- Дамп данных таблицы db_site_velik.catalog_bikemodel: ~50 rows (приблизительно)
INSERT INTO `catalog_bikemodel` (`id`, `name`, `slug`, `img_url`, `mark_id`, `star`, `star_count`) VALUES
	(15078, 'Aggressor (2009)', 'aggressor-2009', 'bikes/2025/03/29/aggressor-2009.png', 3473, 4, 2),
	(15079, 'Fly (2009)', 'fly-2009', 'bikes/2025/03/29/fly-2009.png', 3473, 1, 1),
	(15080, 'Outpost Disc Ladies (2009)', 'outpost-disc-ladies-2009', 'bikes/2025/03/29/outpost-disc-ladies-2009.png', 3473, 2, 1),
	(15081, 'Avalanche 1.0', 'avalanche-1-0', 'bikes/2025/03/29/avalanche-1-0.png', 3473, 0, 0),
	(15082, 'Force 3.0 (2008)', 'force-3-0-2008', 'bikes/2025/03/29/force-3-0-2008.png', 3473, 3, 1),
	(15083, 'Palomar', 'palomar', 'bikes/2025/03/29/palomar.png', 3473, 3, 1),
	(15084, 'Avalanche 1.0 (2013)', 'avalanche-1-0-2013', 'bikes/2025/03/29/avalanche-1-0-2013.png', 3473, 0, 0),
	(15085, 'Force 3.0 (2009)', 'force-3-0-2009', 'bikes/2025/03/29/force-3-0-2009.png', 3473, 0, 0),
	(15086, 'Performer (2009)', 'performer-2009', 'bikes/2025/03/29/performer-2009.png', 3473, 0, 0),
	(15087, 'Avalanche 1.0 Disc (2009)', 'avalanche-1-0-disc-2009', 'bikes/2025/03/29/avalanche-1-0-disc-2009.png', 3473, 0, 0),
	(15088, 'Fury Alloy 2.0 (2012)', 'fury-alloy-2-0-2012', 'bikes/2025/03/29/fury-alloy-2-0-2012.png', 3473, 5, 1),
	(15089, 'Ruckus DX (2009)', 'ruckus-dx-2009', 'bikes/2025/03/29/ruckus-dx-2009.png', 3473, 0, 0),
	(15090, 'Avalanche 2.0 (2009)', 'avalanche-2-0-2009', 'bikes/2025/03/29/avalanche-2-0-2009.png', 3473, 0, 0),
	(15091, 'GTw Avalanche 3.0 Disc (2009)', 'gtw-avalanche-3-0-disc-2009', 'bikes/2025/03/29/gtw-avalanche-3-0-disc-2009.png', 3473, 0, 0),
	(15092, 'Ruckus SX (2009)', 'ruckus-sx-2009', 'bikes/2025/03/29/ruckus-sx-2009.png', 3473, 5, 1),
	(15093, 'Avalanche 2.0 Disc (2009)', 'avalanche-2-0-disc-2009', 'bikes/2025/03/29/avalanche-2-0-disc-2009.png', 3473, 0, 0),
	(15094, 'Laguna (2009)', 'laguna-2009', 'bikes/2025/03/29/laguna-2009.png', 3473, 0, 0),
	(15095, 'Ruckus UF (2009)', 'ruckus-uf-2009', 'bikes/2025/03/29/ruckus-uf-2009.png', 3473, 0, 0),
	(15096, 'Avalanche 3.0 (2009)', 'avalanche-3-0-2009', 'bikes/2025/03/29/avalanche-3-0-2009.png', 3473, 0, 0),
	(15097, 'Lola 12 (2009)', 'lola-12-2009', 'bikes/2025/03/29/lola-12-2009.png', 3473, 0, 0),
	(15098, 'Ruckus UF 24 (2009)', 'ruckus-uf-24-2009', 'bikes/2025/03/29/ruckus-uf-24-2009.png', 3473, 0, 0),
	(15099, 'Avalanche 3.0 Disc (2009)', 'avalanche-3-0-disc-2009', 'bikes/2025/03/29/avalanche-3-0-disc-2009.png', 3473, 0, 0),
	(15100, 'Lola 16 (2009)', 'lola-16-2009', 'bikes/2025/03/29/lola-16-2009.png', 3473, 0, 0),
	(15101, 'Slammer (2009)', 'slammer-2009', 'bikes/2025/03/29/slammer-2009.png', 3473, 0, 0),
	(15102, 'Avalanche Expert (2009)', 'avalanche-expert-2009', 'bikes/2025/03/29/avalanche-expert-2009.png', 3473, 0, 0),
	(15103, 'Lola 20 (2009)', 'lola-20-2009', 'bikes/2025/03/29/lola-20-2009.png', 3473, 0, 0),
	(15104, 'Stomper 20 (2009)', 'stomper-20-2009', 'bikes/2025/03/29/stomper-20-2009.png', 3473, 0, 0),
	(15105, 'Bump (2009)', 'bump-2009', 'bikes/2025/03/29/bump-2009.png', 3473, 0, 0),
	(15106, 'Mach One Expert (2009)', 'mach-one-expert-2009', 'bikes/2025/03/29/mach-one-expert-2009.png', 3473, 0, 0),
	(15107, 'Stomper 24 (2009)', 'stomper-24-2009', 'bikes/2025/03/29/stomper-24-2009.png', 3473, 0, 0),
	(15108, 'Chucker 1.0 (2009)', 'chucker-1-0-2009', 'bikes/2025/03/29/chucker-1-0-2009.png', 3473, 0, 0),
	(15109, 'Mach One Jr (2009)', 'mach-one-jr-2009', 'bikes/2025/03/29/mach-one-jr-2009.png', 3473, 0, 0),
	(15110, 'Stomper 24 (2010)', 'stomper-24-2010', 'bikes/2025/03/29/stomper-24-2010.png', 3473, 0, 0),
	(15111, 'Chucker 2.0 (2009)', 'chucker-2-0-2009', 'bikes/2025/03/29/chucker-2-0-2009.png', 3473, 0, 0),
	(15112, 'Marathon Sport (2009)', 'marathon-sport-2009', 'bikes/2025/03/29/marathon-sport-2009.png', 3473, 0, 0),
	(15113, 'Timberline Sport (2009)', 'timberline-sport-2009', 'bikes/2025/03/29/timberline-sport-2009.png', 3473, 0, 0),
	(15114, 'Chucker 20 (2009)', 'chucker-20-2009', 'bikes/2025/03/29/chucker-20-2009.png', 3473, 0, 0),
	(15115, 'Nomad Sport (2008)', 'nomad-sport-2008', 'bikes/2025/03/29/nomad-sport-2008.png', 3473, 0, 0),
	(15116, 'Timberline Sport Ladies (2009)', 'timberline-sport-ladies-2009', 'bikes/2025/03/29/timberline-sport-ladies-2009.png', 3473, 0, 0),
	(15117, 'Chucker 24 (2009)', 'chucker-24-2009', 'bikes/2025/03/29/chucker-24-2009.png', 3473, 0, 0),
	(15118, 'Nomad Sport (2009)', 'nomad-sport-2009', 'bikes/2025/03/29/nomad-sport-2009.png', 3473, 0, 0),
	(15119, 'Transeo 3.0 Disc (2009)', 'transeo-3-0-disc-2009', 'bikes/2025/03/29/transeo-3-0-disc-2009.png', 3473, 0, 0),
	(15120, 'Chucker 3.0 (2009)', 'chucker-3-0-2009', 'bikes/2025/03/29/chucker-3-0-2009.png', 3473, 0, 0),
	(15121, 'Outpost 24 (2009)', 'outpost-24-2009', 'bikes/2025/03/29/outpost-24-2009.png', 3473, 0, 0),
	(15122, 'Zaskar Elite (2009)', 'zaskar-elite-2009', 'bikes/2025/03/29/zaskar-elite-2009.png', 3473, 0, 0),
	(15123, 'Compe (2009)', 'compe-2009', 'bikes/2025/03/29/compe-2009.png', 3473, 0, 0),
	(15124, 'Outpost Disc (2009)', 'outpost-disc-2009', 'bikes/2025/03/29/outpost-disc-2009.png', 3473, 0, 0),
	(15125, 'Zone (2009)', 'zone-2009', 'bikes/2025/03/29/zone-2009.png', 3473, 0, 0),
	(15126, 'El Centro (2009)', 'el-centro-2009', 'bikes/2025/03/29/el-centro-2009.png', 3473, 0, 0),
	(17027, 'Dynamic', 'dynamic', 'bikes/2025/03/29/dynamic.png', 3510, 0, 0);

-- Дамп структуры для таблица db_site_velik.catalog_bikemodification
CREATE TABLE IF NOT EXISTS `catalog_bikemodification` (
  `id` bigint NOT NULL AUTO_INCREMENT,
  `name` varchar(255) NOT NULL,
  `bike_model_id` bigint NOT NULL,
  PRIMARY KEY (`id`),
  UNIQUE KEY `bike_model_id` (`bike_model_id`),
  CONSTRAINT `catalog_bikemodifica_bike_model_id_a3275c6a_fk_catalog_b` FOREIGN KEY (`bike_model_id`) REFERENCES `catalog_bikemodel` (`id`)
) ENGINE=InnoDB AUTO_INCREMENT=105862 DEFAULT CHARSET=utf8mb4 COLLATE=utf8mb4_0900_ai_ci;

-- Дамп данных таблицы db_site_velik.catalog_bikemodification: ~50 rows (приблизительно)
INSERT INTO `catalog_bikemodification` (`id`, `name`, `bike_model_id`) VALUES
	(103928, '2009', 15078),
	(103929, '2009', 15079),
	(103930, '2009', 15080),
	(103931, 'Avalanche 1.0', 15081),
	(103932, '2008', 15082),
	(103933, 'Palomar', 15083),
	(103934, '2013', 15084),
	(103935, '2009', 15085),
	(103936, '2009', 15086),
	(103937, '2009', 15087),
	(103938, 'Fury Alloy 2.0', 15088),
	(103939, '2009', 15089),
	(103940, '2009', 15090),
	(103941, '2009', 15091),
	(103942, '2009', 15092),
	(103943, '2009', 15093),
	(103944, '2009', 15094),
	(103945, '2009', 15095),
	(103946, '2009', 15096),
	(103947, '2009', 15097),
	(103948, '2009', 15098),
	(103949, '2009', 15099),
	(103950, '2009', 15100),
	(103951, '2009', 15101),
	(103952, '2009', 15102),
	(103953, '2009', 15103),
	(103954, '2009', 15104),
	(103955, '2009', 15105),
	(103956, '2009', 15106),
	(103957, '2009', 15107),
	(103958, '2009', 15108),
	(103959, '2009', 15109),
	(103960, '2010', 15110),
	(103961, '2009', 15111),
	(103962, '2009', 15112),
	(103963, '2009', 15113),
	(103964, '2009', 15114),
	(103965, '2008', 15115),
	(103966, '2009', 15116),
	(103967, '2009', 15117),
	(103968, '2009', 15118),
	(103969, '2009', 15119),
	(103970, '2009', 15120),
	(103971, '2009', 15121),
	(103972, '2009', 15122),
	(103973, '2009', 15123),
	(103974, '2009', 15124),
	(103975, '2009', 15125),
	(103976, '2009', 15126),
	(105860, '2.0', 17027);

-- Дамп структуры для таблица db_site_velik.catalog_bikestars
CREATE TABLE IF NOT EXISTS `catalog_bikestars` (
  `id` bigint NOT NULL AUTO_INCREMENT,
  `star` double NOT NULL,
  `bike_id` bigint NOT NULL,
  `user_id` bigint NOT NULL,
  PRIMARY KEY (`id`),
  KEY `catalog_bikestars_bike_id_4b7f6aeb_fk_catalog_bikemodel_id` (`bike_id`),
  KEY `catalog_bikestars_user_id_9e6d6716_fk_users_user_id` (`user_id`),
  CONSTRAINT `catalog_bikestars_bike_id_4b7f6aeb_fk_catalog_bikemodel_id` FOREIGN KEY (`bike_id`) REFERENCES `catalog_bikemodel` (`id`),
  CONSTRAINT `catalog_bikestars_user_id_9e6d6716_fk_users_user_id` FOREIGN KEY (`user_id`) REFERENCES `users_user` (`id`)
) ENGINE=InnoDB AUTO_INCREMENT=66 DEFAULT CHARSET=utf8mb4 COLLATE=utf8mb4_0900_ai_ci;

-- Дамп данных таблицы db_site_velik.catalog_bikestars: ~9 rows (приблизительно)
INSERT INTO `catalog_bikestars` (`id`, `star`, `bike_id`, `user_id`) VALUES
	(49, 3, 15082, 1),
	(57, 5, 15078, 2),
	(58, 2, 15080, 1),
	(60, 3, 15078, 1),
	(61, 3, 15083, 1),
	(62, 5, 15092, 1),
	(63, 1, 15079, 1),
	(64, 5, 15088, 1);

-- Дамп структуры для таблица db_site_velik.django_admin_log
CREATE TABLE IF NOT EXISTS `django_admin_log` (
  `id` int NOT NULL AUTO_INCREMENT,
  `action_time` datetime(6) NOT NULL,
  `object_id` longtext,
  `object_repr` varchar(200) NOT NULL,
  `action_flag` smallint unsigned NOT NULL,
  `change_message` longtext NOT NULL,
  `content_type_id` int DEFAULT NULL,
  `user_id` bigint NOT NULL,
  PRIMARY KEY (`id`),
  KEY `django_admin_log_content_type_id_c4bce8eb_fk_django_co` (`content_type_id`),
  KEY `django_admin_log_user_id_c564eba6_fk_users_user_id` (`user_id`),
  CONSTRAINT `django_admin_log_content_type_id_c4bce8eb_fk_django_co` FOREIGN KEY (`content_type_id`) REFERENCES `django_content_type` (`id`),
  CONSTRAINT `django_admin_log_user_id_c564eba6_fk_users_user_id` FOREIGN KEY (`user_id`) REFERENCES `users_user` (`id`),
  CONSTRAINT `django_admin_log_chk_1` CHECK ((`action_flag` >= 0))
) ENGINE=InnoDB DEFAULT CHARSET=utf8mb4 COLLATE=utf8mb4_0900_ai_ci;

-- Дамп данных таблицы db_site_velik.django_admin_log: ~0 rows (приблизительно)

-- Дамп структуры для таблица db_site_velik.django_content_type
CREATE TABLE IF NOT EXISTS `django_content_type` (
  `id` int NOT NULL AUTO_INCREMENT,
  `app_label` varchar(100) NOT NULL,
  `model` varchar(100) NOT NULL,
  PRIMARY KEY (`id`),
  UNIQUE KEY `django_content_type_app_label_model_76bd3d3b_uniq` (`app_label`,`model`)
) ENGINE=InnoDB AUTO_INCREMENT=14 DEFAULT CHARSET=utf8mb4 COLLATE=utf8mb4_0900_ai_ci;

-- Дамп данных таблицы db_site_velik.django_content_type: ~11 rows (приблизительно)
INSERT INTO `django_content_type` (`id`, `app_label`, `model`) VALUES
	(1, 'admin', 'logentry'),
	(3, 'auth', 'group'),
	(2, 'auth', 'permission'),
	(6, 'catalog', 'bikecharacteristic'),
	(10, 'catalog', 'bikecharacteristicvalue'),
	(12, 'catalog', 'bikefavourites'),
	(7, 'catalog', 'bikemark'),
	(8, 'catalog', 'bikemodel'),
	(9, 'catalog', 'bikemodification'),
	(13, 'catalog', 'bikestars'),
	(4, 'contenttypes', 'contenttype'),
	(5, 'sessions', 'session'),
	(11, 'users', 'user');

-- Дамп структуры для таблица db_site_velik.django_migrations
CREATE TABLE IF NOT EXISTS `django_migrations` (
  `id` bigint NOT NULL AUTO_INCREMENT,
  `app` varchar(255) NOT NULL,
  `name` varchar(255) NOT NULL,
  `applied` datetime(6) NOT NULL,
  PRIMARY KEY (`id`)
) ENGINE=InnoDB AUTO_INCREMENT=23 DEFAULT CHARSET=utf8mb4 COLLATE=utf8mb4_0900_ai_ci;

-- Дамп данных таблицы db_site_velik.django_migrations: ~20 rows (приблизительно)
INSERT INTO `django_migrations` (`id`, `app`, `name`, `applied`) VALUES
	(1, 'contenttypes', '0001_initial', '2025-03-29 08:38:15.550449'),
	(2, 'contenttypes', '0002_remove_content_type_name', '2025-03-29 08:38:15.720480'),
	(3, 'auth', '0001_initial', '2025-03-29 08:38:16.723029'),
	(4, 'auth', '0002_alter_permission_name_max_length', '2025-03-29 08:38:16.918723'),
	(5, 'auth', '0003_alter_user_email_max_length', '2025-03-29 08:38:16.925072'),
	(6, 'auth', '0004_alter_user_username_opts', '2025-03-29 08:38:16.931642'),
	(7, 'auth', '0005_alter_user_last_login_null', '2025-03-29 08:38:16.939297'),
	(8, 'auth', '0006_require_contenttypes_0002', '2025-03-29 08:38:16.942260'),
	(9, 'auth', '0007_alter_validators_add_error_messages', '2025-03-29 08:38:16.948170'),
	(10, 'auth', '0008_alter_user_username_max_length', '2025-03-29 08:38:16.953043'),
	(11, 'auth', '0009_alter_user_last_name_max_length', '2025-03-29 08:38:16.957550'),
	(12, 'auth', '0010_alter_group_name_max_length', '2025-03-29 08:38:16.970249'),
	(13, 'auth', '0011_update_proxy_permissions', '2025-03-29 08:38:16.977743'),
	(14, 'auth', '0012_alter_user_first_name_max_length', '2025-03-29 08:38:16.983286'),
	(15, 'users', '0001_initial', '2025-03-29 08:38:18.251239'),
	(16, 'admin', '0001_initial', '2025-03-29 08:38:18.768568'),
	(17, 'admin', '0002_logentry_remove_auto_add', '2025-03-29 08:38:18.779652'),
	(18, 'admin', '0003_logentry_add_action_flag_choices', '2025-03-29 08:38:18.792175'),
	(19, 'catalog', '0001_initial', '2025-03-29 08:38:20.283476'),
	(20, 'sessions', '0001_initial', '2025-03-29 08:38:20.472602'),
	(21, 'catalog', '0002_bikefavourites', '2025-03-30 05:19:10.101014'),
	(22, 'catalog', '0003_bikemodel_star_bikemodel_star_count_and_more', '2025-04-01 05:19:40.485922');

-- Дамп структуры для таблица db_site_velik.django_session
CREATE TABLE IF NOT EXISTS `django_session` (
  `session_key` varchar(40) NOT NULL,
  `session_data` longtext NOT NULL,
  `expire_date` datetime(6) NOT NULL,
  PRIMARY KEY (`session_key`),
  KEY `django_session_expire_date_a5c62663` (`expire_date`)
) ENGINE=InnoDB DEFAULT CHARSET=utf8mb4 COLLATE=utf8mb4_0900_ai_ci;

-- Дамп данных таблицы db_site_velik.django_session: ~1 rows (приблизительно)
INSERT INTO `django_session` (`session_key`, `session_data`, `expire_date`) VALUES
	('dkvjh0of0d9gg3lqghp8pab7rptqjn2q', '.eJxVjEsOAiEQBe_C2hBa_i7dewbSTYOMGiaZz8p4d0MyC92-qnpvkXDfWtrXsqSJxUWAOP1uhPlZ-gD8wH6fZZ77tkwkhyIPusrbzOV1Pdy_g4ZrGzWRs0oFbzE7rpFDrABnRxAAKujI2ldTChE6nb3RZHUkUpU1Gm-r-HwB6ec4Mg:1uKLMb:3w_1IFyX2rjh9_B3-e4YGSff3Ue3ePJ9uYwBbfCQDRA', '2025-06-11 18:18:53.698289');

-- Дамп структуры для таблица db_site_velik.users_user
CREATE TABLE IF NOT EXISTS `users_user` (
  `id` bigint NOT NULL AUTO_INCREMENT,
  `password` varchar(128) NOT NULL,
  `last_login` datetime(6) DEFAULT NULL,
  `is_superuser` tinyint(1) NOT NULL,
  `username` varchar(150) NOT NULL,
  `first_name` varchar(150) NOT NULL,
  `last_name` varchar(150) NOT NULL,
  `email` varchar(254) NOT NULL,
  `is_staff` tinyint(1) NOT NULL,
  `is_active` tinyint(1) NOT NULL,
  `date_joined` datetime(6) NOT NULL,
  `photo` varchar(100) DEFAULT NULL,
  PRIMARY KEY (`id`),
  UNIQUE KEY `username` (`username`)
) ENGINE=InnoDB AUTO_INCREMENT=6 DEFAULT CHARSET=utf8mb4 COLLATE=utf8mb4_0900_ai_ci;

-- Дамп данных таблицы db_site_velik.users_user: ~5 rows (приблизительно)
INSERT INTO `users_user` (`id`, `password`, `last_login`, `is_superuser`, `username`, `first_name`, `last_name`, `email`, `is_staff`, `is_active`, `date_joined`, `photo`) VALUES
	(1, 'pbkdf2_sha256$870000$vfih7nZpVOcY1d69EmVmwy$EJ488joPHp8XTWOY+YDVTzQuo7I4rZ0A5z8Wj6nHes0=', '2025-05-28 18:18:53.679868', 1, 'root', 'Вадим', 'Баринов', 'root@root.com', 1, 1, '2025-03-29 10:23:46.580084', ''),
	(2, 'pbkdf2_sha256$870000$O8xpFGCdFL2LlWd8SgvNG7$sMObT1qDpwSlMS6q7M/DzgsBHLAGwsI5/0bQELyboq4=', '2025-04-02 19:15:57.337111', 0, 'user1', 'Вадим', 'Баринов', 'user1@mail.com', 0, 1, '2025-04-02 07:40:39.753078', ''),
	(3, 'pbkdf2_sha256$870000$7aoKGdJDQHKugm3zFJIuw3$uBtm1FOnYEgLHWxADbnbjvW6Sw9YCcBd2GH02ZDwPFk=', '2025-04-04 19:29:21.203256', 0, 'user2', 'Анастасия', 'Лисейкина', 'user2@mail.com', 0, 1, '2025-04-04 19:29:14.811208', ''),
	(4, 'pbkdf2_sha256$870000$3lPqNwYsFUqCTi5Kn6gwI7$5WSL52wn9rO9pFUnSMbkYE4h4J56Lg2Iqb8VOL8STkk=', '2025-04-05 19:32:13.876663', 0, 'user3', '', '', 'user3@mail.com', 0, 1, '2025-04-05 19:23:54.011735', ''),
	(5, 'pbkdf2_sha256$870000$B3OtCz2flg8GjqWMsoMaiW$l+cOE05CQXGOKyO+jvBw3bUy4WZrvXt7tyrRkQgibJg=', NULL, 0, 'user4', '', '', 'user4@mail.com', 0, 1, '2025-04-05 19:32:40.627580', '');

-- Дамп структуры для таблица db_site_velik.users_user_groups
CREATE TABLE IF NOT EXISTS `users_user_groups` (
  `id` bigint NOT NULL AUTO_INCREMENT,
  `user_id` bigint NOT NULL,
  `group_id` int NOT NULL,
  PRIMARY KEY (`id`),
  UNIQUE KEY `users_user_groups_user_id_group_id_b88eab82_uniq` (`user_id`,`group_id`),
  KEY `users_user_groups_group_id_9afc8d0e_fk_auth_group_id` (`group_id`),
  CONSTRAINT `users_user_groups_group_id_9afc8d0e_fk_auth_group_id` FOREIGN KEY (`group_id`) REFERENCES `auth_group` (`id`),
  CONSTRAINT `users_user_groups_user_id_5f6f5a90_fk_users_user_id` FOREIGN KEY (`user_id`) REFERENCES `users_user` (`id`)
) ENGINE=InnoDB DEFAULT CHARSET=utf8mb4 COLLATE=utf8mb4_0900_ai_ci;

-- Дамп данных таблицы db_site_velik.users_user_groups: ~0 rows (приблизительно)

-- Дамп структуры для таблица db_site_velik.users_user_user_permissions
CREATE TABLE IF NOT EXISTS `users_user_user_permissions` (
  `id` bigint NOT NULL AUTO_INCREMENT,
  `user_id` bigint NOT NULL,
  `permission_id` int NOT NULL,
  PRIMARY KEY (`id`),
  UNIQUE KEY `users_user_user_permissions_user_id_permission_id_43338c45_uniq` (`user_id`,`permission_id`),
  KEY `users_user_user_perm_permission_id_0b93982e_fk_auth_perm` (`permission_id`),
  CONSTRAINT `users_user_user_perm_permission_id_0b93982e_fk_auth_perm` FOREIGN KEY (`permission_id`) REFERENCES `auth_permission` (`id`),
  CONSTRAINT `users_user_user_permissions_user_id_20aca447_fk_users_user_id` FOREIGN KEY (`user_id`) REFERENCES `users_user` (`id`)
) ENGINE=InnoDB DEFAULT CHARSET=utf8mb4 COLLATE=utf8mb4_0900_ai_ci;

-- Дамп данных таблицы db_site_velik.users_user_user_permissions: ~0 rows (приблизительно)

/*!40103 SET TIME_ZONE=IFNULL(@OLD_TIME_ZONE, 'system') */;
/*!40101 SET SQL_MODE=IFNULL(@OLD_SQL_MODE, '') */;
/*!40014 SET FOREIGN_KEY_CHECKS=IFNULL(@OLD_FOREIGN_KEY_CHECKS, 1) */;
/*!40101 SET CHARACTER_SET_CLIENT=@OLD_CHARACTER_SET_CLIENT */;
/*!40111 SET SQL_NOTES=IFNULL(@OLD_SQL_NOTES, 1) */;
